Time,Lane,Delay_s,Queue_m,Saturation
60.0,156084447#2.35_0,73.97,16.33,2.4
60.0,156084447#2.35_0,30.0,0.0,0.0
60.0,156084447#2.35_1,156.8,11.28,5.14
60.0,156084447#2.35_2,105.55,21.22,0.86
60.0,156084447#2.35_2,30.0,0.0,0.0
60.0,156084447#2.35_2,30.0,0.0,0.0
60.0,537517150#2_0,188.68,29.17,6.0
60.0,537517150#2_1,242.23,21.39,7.87
60.0,537517150#2_2,86.0,11.28,2.81
60.0,537517150#2_2,30.0,0.0,0.0
60.0,156084437#2.76_0,84.29,19.83,2.7
60.0,156084437#2.76_0,30.0,0.0,0.0
60.0,156084437#2.76_1,117.16,7.78,3.86
60.0,156084437#2.76_2,57.82,5.06,1.93
60.0,156084437#2.76_2,30.0,0.0,0.0
60.0,-156084515#1.105_0,34.86,9.55,0.75
60.0,-156084515#1.105_0,30.0,0.0,0.0
60.0,-156084515#1.105_0,30.0,0.0,0.0
60.0,-156084515#1.105_0,30.0,0.0,0.0
120.0,156084447#2.35_0,94.71,23.33,3.0
120.0,156084447#2.35_0,30.0,0.0,0.0
120.0,156084447#2.35_1,109.34,7.58,3.6
120.0,156084447#2.35_2,79.99,15.37,0.8
120.0,156084447#2.35_2,30.0,0.0,0.0
120.0,156084447#2.35_2,30.0,0.0,0.0
120.0,537517150#2_0,111.02,15.17,3.6
120.0,537517150#2_1,72.34,4.08,2.4
120.0,537517150#2_2,34.8,1.17,1.2
120.0,537517150#2_2,30.0,0.0,0.0
120.0,156084437#2.76_0,63.76,12.83,2.1
120.0,156084437#2.76_0,30.0,0.0,0.0
120.0,156084437#2.76_1,72.34,4.08,2.4
120.0,156084437#2.76_2,27.08,0.0,0.0
120.0,156084437#2.76_2,30.0,0.0,0.0
120.0,-156084515#1.105_0,36.8,8.17,1.35
120.0,-156084515#1.105_0,30.0,0.0,0.0
120.0,-156084515#1.105_0,30.0,0.0,0.0
120.0,-156084515#1.105_0,30.0,0.0,0.0
180.0,156084447#2.35_0,53.63,9.33,1.8
180.0,156084447#2.35_0,30.0,0.0,0.0
180.0,156084447#2.35_1,74.87,4.18,2.48
180.0,156084447#2.35_2,91.98,18.19,0.83
180.0,156084447#2.35_2,30.0,0.0,0.0
180.0,156084447#2.35_2,30.0,0.0,0.0
180.0,537517150#2_0,248.39,39.67,7.8
180.0,537517150#2_1,286.17,24.99,9.29
180.0,537517150#2_2,107.42,14.97,3.48
180.0,537517150#2_2,30.0,0.0,0.0
180.0,156084437#2.76_0,63.76,12.83,2.1
180.0,156084437#2.76_0,30.0,0.0,0.0
180.0,156084437#2.76_1,151.43,11.18,4.97
180.0,156084437#2.76_2,75.36,8.36,2.48
180.0,156084437#2.76_2,30.0,0.0,0.0
180.0,-156084515#1.105_0,53.41,23.33,0.9
180.0,-156084515#1.105_0,30.0,0.0,0.0
180.0,-156084515#1.105_0,30.0,0.0,0.0
180.0,-156084515#1.105_0,30.0,0.0,0.0
240.0,156084447#2.35_0,115.97,30.33,3.6
240.0,156084447#2.35_0,30.0,0.0,0.0
240.0,156084447#2.35_1,295.52,25.08,9.6
240.0,156084447#2.35_2,86.49,15.75,2.8
240.0,156084447#2.35_2,30.0,0.0,0.0
240.0,156084447#2.35_2,30.0,0.0,0.0
240.0,537517150#2_0,188.68,29.17,6.0
240.0,537517150#2_1,258.1,21.58,8.4
240.0,537517150#2_2,53.75,4.67,1.8
240.0,537517150#2_2,30.0,0.0,0.0
240.0,156084437#2.76_0,33.61,2.33,1.2
240.0,156084437#2.76_0,30.0,0.0,0.0
240.0,156084437#2.76_1,215.4,18.08,1.2
240.0,156084437#2.76_2,27.91,0.0,0.6
240.0,156084437#2.76_2,30.0,0.0,0.0
240.0,-156084515#1.105_0,53.41,23.33,0.9
240.0,-156084515#1.105_0,30.0,0.0,0.0
240.0,-156084515#1.105_0,30.0,0.0,0.0
240.0,-156084515#1.105_0,30.0,0.0,0.0
300.0,156084447#2.35_0,33.61,2.33,1.2
300.0,156084447#2.35_0,30.0,0.0,0.0
300.0,156084447#2.35_1,109.34,7.58,3.6
300.0,156084447#2.35_2,79.99,15.37,0.8
300.0,156084447#2.35_2,30.0,0.0,0.0
300.0,156084447#2.35_2,30.0,0.0,0.0
300.0,537517150#2_0,130.27,18.67,4.2
300.0,537517150#2_1,109.34,7.58,3.6
300.0,537517150#2_2,53.75,4.67,1.8
300.0,537517150#2_2,30.0,0.0,0.0
300.0,156084437#2.76_0,73.97,16.33,2.4
300.0,156084437#2.76_0,30.0,0.0,0.0
300.0,156084437#2.76_1,215.4,18.08,1.2
300.0,156084437#2.76_2,27.91,0.0,0.6
300.0,156084437#2.76_2,30.0,0.0,0.0
300.0,-156084515#1.105_0,54.0,18.67,1.8
300.0,-156084515#1.105_0,30.0,0.0,0.0
300.0,-156084515#1.105_0,30.0,0.0,0.0
300.0,-156084515#1.105_0,30.0,0.0,0.0
360.0,156084447#2.35_0,94.71,23.33,3.0
360.0,156084447#2.35_0,30.0,0.0,0.0
360.0,156084447#2.35_1,183.55,14.58,6.0
360.0,156084447#2.35_2,47.17,5.25,1.6
360.0,156084447#2.35_2,30.0,0.0,0.0
360.0,156084447#2.35_2,30.0,0.0,0.0
360.0,537517150#2_0,188.68,29.17,6.0
360.0,537517150#2_1,258.1,21.58,8.4
360.0,537517150#2_2,34.8,1.17,1.2
360.0,537517150#2_2,30.0,0.0,0.0
360.0,156084437#2.76_0,43.59,5.83,1.5
360.0,156084437#2.76_0,30.0,0.0,0.0
360.0,156084437#2.76_1,215.4,18.08,1.2
360.0,156084437#2.76_2,27.91,0.0,0.6
360.0,156084437#2.76_2,30.0,0.0,0.0
360.0,-156084515#1.105_0,53.76,22.17,1.2
360.0,-156084515#1.105_0,30.0,0.0,0.0
360.0,-156084515#1.105_0,30.0,0.0,0.0
360.0,-156084515#1.105_0,30.0,0.0,0.0
420.0,156084447#2.35_0,73.97,16.33,2.4
420.0,156084447#2.35_0,30.0,0.0,0.0
420.0,156084447#2.35_1,113.12,7.68,3.72
420.0,156084447#2.35_2,35.6,2.04,1.24
420.0,156084447#2.35_2,30.0,0.0,0.0
420.0,156084447#2.35_2,30.0,0.0,0.0
420.0,537517150#2_0,149.63,22.17,4.8
420.0,537517150#2_1,213.75,17.99,6.97
420.0,537517150#2_2,70.34,7.97,2.32
420.0,537517150#2_2,30.0,0.0,0.0
420.0,156084437#2.76_0,84.29,19.83,2.7
420.0,156084437#2.76_0,30.0,0.0,0.0
420.0,156084437#2.76_1,189.82,14.68,6.21
420.0,156084437#2.76_2,55.72,4.86,1.86
420.0,156084437#2.76_2,30.0,0.0,0.0
420.0,-156084515#1.105_0,53.41,23.33,0.9
420.0,-156084515#1.105_0,30.0,0.0,0.0
420.0,-156084515#1.105_0,30.0,0.0,0.0
420.0,-156084515#1.105_0,30.0,0.0,0.0
480.0,156084447#2.35_0,84.29,19.83,2.7
480.0,156084447#2.35_0,30.0,0.0,0.0
480.0,156084447#2.35_1,177.69,14.49,5.81
480.0,156084447#2.35_2,82.23,16.33,1.16
480.0,156084447#2.35_2,30.0,0.0,0.0
480.0,156084447#2.35_2,30.0,0.0,0.0
480.0,537517150#2_0,149.63,22.17,4.8
480.0,537517150#2_1,228.29,18.18,7.45
480.0,537517150#2_2,55.72,4.86,1.86
480.0,537517150#2_2,30.0,0.0,0.0
480.0,156084437#2.76_0,33.61,2.33,1.2
480.0,156084437#2.76_0,30.0,0.0,0.0
480.0,156084437#2.76_1,69.96,3.99,2.32
480.0,156084437#2.76_2,27.81,0.0,0.58
480.0,156084437#2.76_2,30.0,0.0,0.0
480.0,-156084515#1.105_0,54.0,18.67,1.8
480.0,-156084515#1.105_0,30.0,0.0,0.0
480.0,-156084515#1.105_0,30.0,0.0,0.0
480.0,-156084515#1.105_0,30.0,0.0,0.0
