Scenario,Avg_Delay_s,Avg_Saturation,Avg_Queue_Veh,Avg_Inflow_PCU,Avg_TotalDemand,Avg_Residual_NGE,Avg_Capacity,Active_Records
FEW_FT_NGA5,37.245681818181815,0.14,1.7565909090909095,96.57181818181817,96.57181818181817,0.0,1014.1115909090909,44
FEW_AD_NGA5,40.01272727272728,0.1302272727272727,1.7554545454545454,90.80499999999999,90.80499999999999,0.0,1015.6338636363635,44
FEW_IN_NGA5,44.28116279069768,0.11813953488372095,1.8746511627906977,82.21116279069768,82.21116279069768,0.0,1033.436046511628,43
NOR_FT_NGA5,49.01288888888889,0.5537777777777777,7.778,363.2393333333334,372.54688888888893,0.7786666666666666,1000.3311111111113,45
NOR_AD_NGA5,51.192,0.5268888888888887,7.9366666666666665,349.4724444444445,358.46577777777776,0.725111111111111,1002.5200000000003,45
NOR_IN_NGA5,53.68666666666666,0.46133333333333326,7.615333333333335,307.80688888888886,314.3113333333333,0.44044444444444447,1005.579111111111,45
CROW_FT_NGA5,94.40633333333334,1.2633333333333332,20.532999999999998,791.1916666666665,820.5603333333332,4.604333333333333,1000.9846666666666,30
CROW_AD_NGA5,94.66333333333333,1.257,20.687000000000005,789.4113333333333,819.8626666666668,4.639333333333332,1001.3133333333332,30
CROW_IN_NGA5,105.62066666666666,1.2176666666666665,23.614333333333335,781.9866666666668,805.2990000000001,5.054,1003.7106666666665,30
