Episode,Reward,Critic_Loss,Time_Sec,CPU_Percent,RAM_Percent,GPU_VRAM_MB
1,-112.848428606987,17.258100509643555,17.84,99.1,61.0,0.0
2,-123.76562166213989,17.87753677368164,18.05,98.7,60.9,0.0
3,-125.72175812721252,14.82761001586914,16.55,99.7,61.1,0.0
4,-177.51722192764282,15.144999504089355,13.04,99.9,62.4,0.0
5,-113.39522844552994,7.805076599121094,18.28,99.5,61.2,0.0
6,-160.3529468178749,5.2457661628723145,14.47,98.9,61.0,0.0
7,-101.85592114925385,7.975155830383301,13.47,99.1,61.2,0.0
8,-130.124964594841,4.11845588684082,15.74,100.0,61.2,0.0
9,-119.5280100107193,2.891010284423828,17.87,99.3,61.2,0.0
10,-95.35454630851746,3.233055591583252,19.05,99.7,61.7,0.0
11,-121.4489176273346,5.926329612731934,18.5,99.6,61.4,0.0
12,-115.74033287167549,2.9395532608032227,14.74,99.7,61.2,0.0
13,-122.45246577262878,4.729774475097656,19.63,99.6,61.6,0.0
14,-106.51843106746674,6.292471408843994,20.4,100.0,62.0,0.0
15,-143.42313039302826,3.1808502674102783,17.34,99.5,62.1,0.0
16,-119.86171764135361,3.4809067249298096,15.57,99.4,62.0,0.0
17,-112.57437479496002,3.1061127185821533,11.07,99.8,62.2,0.0
18,-140.47008818387985,6.706413269042969,16.35,98.8,61.9,0.0
19,-103.16659545898438,3.027120351791382,16.94,99.3,62.0,0.0
20,-109.17300570011139,4.54126501083374,15.97,98.8,62.0,0.0
21,-113.5521045923233,2.6137759685516357,17.4,99.1,62.1,0.0
22,-113.38623985648155,3.3819684982299805,15.49,97.5,62.2,0.0
23,-106.23813503980637,3.5024592876434326,18.89,98.6,62.6,0.0
24,-103.20317673683167,2.9346206188201904,16.33,99.9,62.3,0.0
25,-113.71193420886993,3.613473892211914,16.55,99.0,62.3,0.0
26,-117.9342051744461,2.978504180908203,16.09,99.4,62.3,0.0
27,-104.54231202602386,3.0217361450195312,15.73,99.0,62.6,0.0
28,-110.11459136009216,3.18505859375,16.09,99.1,62.7,0.0
29,-120.22417086362839,3.101019859313965,18.82,98.9,62.7,0.0
30,-110.3290987610817,6.385324478149414,16.74,96.3,62.3,0.0
31,-101.414499938488,4.748384475708008,15.88,99.4,62.5,0.0
32,-109.49144041538239,3.572183847427368,17.08,98.6,62.4,0.0
33,-103.84023535251617,2.4093270301818848,11.21,98.8,62.4,0.0
34,-99.18083900213242,2.106203317642212,17.49,99.9,62.2,0.0
35,-113.21318781375885,3.0373494625091553,16.67,99.6,63.6,0.0
36,-98.01196259260178,4.20136022567749,15.95,99.3,62.7,0.0
37,-120.29037404060364,2.935913562774658,15.7,99.8,62.7,0.0
38,-100.5013325214386,3.033972978591919,15.37,99.1,62.8,0.0
39,-101.72807586193085,2.257899284362793,15.22,98.3,62.7,0.0
40,-107.82440710067749,3.321984052658081,17.98,99.3,63.0,0.0
41,-114.12507593631744,2.967305898666382,14.34,98.4,62.6,0.0
42,-106.75162065029144,3.064295530319214,14.98,99.1,62.7,0.0
43,-117.63908851146698,1.4098020792007446,14.51,98.2,63.0,0.0
44,-114.11551809310913,2.623786687850952,12.7,99.5,62.8,0.0
45,-112.05198863148689,2.5072200298309326,11.82,99.1,62.9,0.0
46,-115.90240263938904,3.208021640777588,13.87,99.5,62.7,0.0
47,-101.55160903930664,1.6438711881637573,11.29,98.6,62.9,0.0
48,-109.3887448310852,1.595340609550476,12.94,98.8,62.6,0.0
49,-117.20873272418976,2.1969287395477295,14.31,98.6,62.9,0.0
50,-108.16232943534851,2.379796028137207,14.84,98.2,63.0,0.0
51,-102.44388771057129,2.508030414581299,12.08,97.4,63.1,0.0
52,-99.26111233234406,2.284456253051758,16.72,99.5,63.3,0.0
53,-105.73342108726501,2.0133893489837646,16.09,97.8,63.4,0.0
54,-100.69924002885818,1.6627023220062256,10.47,96.4,63.5,0.0
55,-96.42020666599274,1.5848215818405151,16.65,98.2,63.7,0.0
56,-103.11068630218506,1.2939774990081787,12.38,99.3,63.8,0.0
57,-107.74349617958069,2.9905364513397217,13.19,94.5,63.8,0.0
58,-92.8113220334053,1.6688635349273682,438.24,48.7,65.4,0.0
59,-93.04302322864532,3.2330963611602783,17.52,99.2,65.4,0.0
60,-110.26547288894653,3.764289140701294,13.89,97.3,65.5,0.0
61,-89.41853815317154,3.2794322967529297,12.6,98.4,65.5,0.0
62,-83.45976996421814,2.3342087268829346,12.37,95.9,65.4,0.0
63,-86.89047610759735,2.2125320434570312,13.41,99.5,65.5,0.0
64,-82.28189980983734,1.0714898109436035,14.75,99.6,65.6,0.0
65,-97.92720448970795,1.5998767614364624,16.32,99.0,65.6,0.0
66,-89.63791865110397,3.1028571128845215,13.16,98.2,65.4,0.0
67,-82.20247459411621,1.3825980424880981,16.19,98.1,65.7,0.0
68,-80.91363060474396,2.4051952362060547,16.6,99.9,65.6,0.0
69,-90.58386808633804,2.6348206996917725,14.6,99.3,65.6,0.0
70,-74.34972417354584,2.3686490058898926,10.74,96.5,65.7,0.0
71,-76.92618906497955,0.9317708611488342,11.74,98.8,65.5,0.0
72,-85.81011319160461,1.730220079421997,13.35,98.9,65.7,0.0
73,-89.49792093038559,1.3505326509475708,17.25,99.7,65.7,0.0
74,-74.9393744468689,3.5629496574401855,16.3,99.6,65.8,0.0
75,-87.62156343460083,1.2756667137145996,17.0,96.0,65.7,0.0
76,-74.5641006231308,1.2880117893218994,13.24,98.0,65.8,0.0
77,-72.6980049610138,1.0178464651107788,13.63,99.6,65.7,0.0
78,-87.52005743980408,0.9458258152008057,15.88,98.1,65.8,0.0
79,-83.0089441537857,1.3780525922775269,15.46,97.7,65.8,0.0
80,-66.70162880420685,1.332156777381897,14.92,98.6,65.8,0.0
81,-76.26421523094177,2.8629488945007324,10.97,99.6,65.8,0.0
82,-85.49097907543182,1.8676954507827759,13.19,99.3,65.7,0.0
83,-84.94254851341248,2.710129499435425,11.5,98.8,65.7,0.0
84,-86.69391167163849,1.5271408557891846,13.57,99.0,65.7,0.0
85,-72.26872569322586,0.778279721736908,11.98,97.5,65.8,0.0
86,-81.44580346345901,2.648421049118042,14.7,98.0,65.8,0.0
87,-81.66514027118683,1.7807204723358154,11.86,99.3,65.8,0.0
88,-106.72256779670715,1.7453056573867798,16.53,98.8,65.9,0.0
89,-95.95524001121521,4.463439464569092,10.19,94.9,65.8,0.0
90,-79.69296824932098,4.251258373260498,15.95,98.7,65.9,0.0
91,-76.63963675498962,1.0933396816253662,14.05,98.8,66.1,0.0
92,-65.76089948415756,1.9463967084884644,13.76,97.8,66.0,0.0
93,-81.870166182518,3.478677272796631,11.07,97.8,66.0,0.0
94,-80.08519518375397,1.0363481044769287,14.21,98.8,66.0,0.0
95,-74.68519079685211,3.2692573070526123,11.18,96.8,66.0,0.0
96,-67.91205018758774,3.1356582641601562,14.45,99.4,66.0,0.0
97,-82.13825047016144,1.4917136430740356,13.13,97.9,66.1,0.0
98,-73.00144344568253,0.694121241569519,15.08,99.2,66.1,0.0
99,-85.11539268493652,1.2741421461105347,14.32,97.0,66.1,0.0
100,-70.74911630153656,2.991730213165283,11.42,99.3,66.1,0.0
101,-76.65036034584045,1.4203952550888062,11.26,97.9,66.2,0.0
102,-81.5572897195816,1.7558730840682983,11.83,98.5,66.2,0.0
103,-76.90772581100464,0.866254448890686,11.73,99.8,66.1,0.0
104,-78.32014274597168,0.6867234110832214,12.65,98.1,66.8,0.0
105,-78.45537161827087,1.5123012065887451,15.16,98.6,66.5,0.0
106,-74.55714356899261,1.393275499343872,15.88,98.6,67.4,0.0
107,-82.8191727399826,0.9848078489303589,11.97,99.1,66.6,0.0
108,-89.01796388626099,1.6979880332946777,11.71,98.1,66.5,0.0
109,-78.65283119678497,1.0887871980667114,15.07,98.6,67.5,0.0
110,-76.1254432797432,1.6322853565216064,11.53,98.5,66.2,0.0
111,-72.40736985206604,0.9295165538787842,12.42,98.4,66.2,0.0
112,-75.4627548456192,0.4961361587047577,13.38,98.8,66.1,0.0
113,-73.58046019077301,1.2113311290740967,10.84,97.6,66.2,0.0
114,-90.74065744876862,1.5066754817962646,12.28,96.5,66.2,0.0
115,-80.64622688293457,0.9747061133384705,10.97,95.8,66.4,0.0
116,-70.94457280635834,0.5568773150444031,14.41,97.6,66.2,0.0
117,-79.11189770698547,2.6590089797973633,14.46,98.9,66.2,0.0
118,-70.95832097530365,0.604111909866333,14.38,98.3,66.3,0.0
119,-77.2761435508728,0.8678032159805298,13.6,99.3,66.3,0.0
120,-76.11172538995743,0.8201794624328613,13.81,97.9,66.5,0.0
121,-80.31936275959015,0.5933142900466919,14.88,98.8,66.4,0.0
122,-74.31856083869934,0.5826231837272644,15.05,96.9,66.4,0.0
123,-69.09607589244843,0.6555596590042114,15.35,98.8,66.3,0.0
124,-76.38204765319824,0.9930985569953918,11.83,98.9,66.3,0.0
125,-79.13058698177338,0.9203240275382996,14.46,97.0,66.2,0.0
126,-70.14709854125977,0.5569490194320679,12.2,99.1,66.5,0.0
127,-75.20542252063751,1.3703263998031616,11.98,98.7,66.4,0.0
128,-68.41021811962128,0.2446187138557434,12.78,99.8,66.4,0.0
129,-72.3865305185318,0.19994176924228668,9.79,99.3,66.4,0.0
130,-74.76282668113708,0.453698068857193,12.56,98.1,66.4,0.0
131,-71.13140892982483,0.4485754668712616,13.68,99.3,66.4,0.0
132,-75.95709323883057,0.8792683482170105,10.83,97.7,66.5,0.0
133,-65.19967913627625,0.4900642931461334,14.62,97.6,66.3,0.0
134,-67.24872958660126,0.7247533798217773,12.69,96.2,66.5,0.0
135,-70.37752616405487,0.770887017250061,15.29,98.1,66.5,0.0
136,-68.4559315443039,0.29462364315986633,14.44,96.3,66.5,0.0
137,-77.22945177555084,0.8658396601676941,13.67,97.2,66.5,0.0
138,-67.73832321166992,1.0668267011642456,16.0,97.1,66.5,0.0
139,-77.66322076320648,0.3632306158542633,15.2,99.3,66.8,0.0
140,-69.47762477397919,0.7470022439956665,14.0,97.7,66.6,0.0
141,-71.92643254995346,0.36651474237442017,15.74,98.1,66.7,0.0
142,-70.14709854125977,0.2336377650499344,13.66,97.1,66.8,0.0
143,-71.83732199668884,0.549898624420166,10.85,96.7,66.8,0.0
144,-75.02264297008514,0.469623863697052,8.84,96.7,66.8,0.0
145,-71.39433479309082,0.32981911301612854,10.16,98.8,66.8,0.0
146,-67.6217542886734,0.3319658637046814,12.94,96.5,66.8,0.0
147,-70.90908885002136,0.3821428716182709,16.03,98.6,66.9,0.0
148,-66.50798523426056,0.16936755180358887,14.68,98.7,66.9,0.0
149,-77.3792986869812,0.815809965133667,9.83,99.1,66.9,0.0
150,-72.36945295333862,0.22134675085544586,16.03,98.7,67.2,0.0
151,-67.75616562366486,0.33172130584716797,11.29,99.4,67.3,0.0
152,-67.8726989030838,0.2346630096435547,16.1,97.9,67.3,0.0
153,-70.2741830945015,0.4884693920612335,15.54,99.0,67.3,0.0
154,-79.37253856658936,0.44651949405670166,13.53,97.5,67.2,0.0
155,-65.90746158361435,1.9354525804519653,14.31,98.9,67.2,0.0
156,-66.96480739116669,0.24097123742103577,14.36,99.2,67.2,0.0
157,-69.70162796974182,1.589828372001648,11.47,98.7,67.2,0.0
158,-78.21764373779297,2.0972704887390137,14.47,98.5,67.4,0.0
159,-66.27076232433319,0.3935234546661377,14.4,99.6,67.2,0.0
160,-71.05635619163513,0.07101238518953323,13.29,98.8,67.1,0.0
161,-71.14446419477463,0.3398762047290802,14.11,98.9,67.2,0.0
162,-71.86862087249756,0.9043998718261719,12.09,98.3,67.0,0.0
163,-68.10513246059418,0.7492918372154236,14.01,98.6,67.3,0.0
164,-76.51775026321411,0.40842384099960327,14.65,99.6,67.2,0.0
165,-72.52026057243347,0.2683282792568207,14.23,98.9,67.2,0.0
166,-62.943185806274414,0.5567744970321655,15.14,98.7,67.2,0.0
167,-71.08518362045288,1.335045337677002,14.62,97.6,67.2,0.0
168,-66.14298233389854,1.117639183998108,12.93,98.6,67.3,0.0
169,-65.09797608852386,0.2663465142250061,12.23,97.9,67.4,0.0
170,-67.54975432157516,0.5510278344154358,14.93,97.1,67.2,0.0
171,-65.90746158361435,0.3518986105918884,13.26,97.5,67.2,0.0
172,-69.16341090202332,0.22007839381694794,10.93,98.7,67.4,0.0
173,-67.74642193317413,0.0925895944237709,11.76,98.6,67.4,0.0
174,-64.76221799850464,0.14171136915683746,14.55,99.5,67.4,0.0
175,-67.74642193317413,0.10655048489570618,10.18,97.5,67.4,0.0
176,-64.44464635848999,0.5365540981292725,16.37,98.5,67.4,0.0
177,-67.41490763425827,0.5904852747917175,15.39,97.5,67.4,0.0
178,-71.65871465206146,0.3255999684333801,14.67,96.7,67.4,0.0
179,-71.85051941871643,0.25472694635391235,16.15,99.2,67.5,0.0
180,-67.88094973564148,0.2660171687602997,15.33,98.7,67.5,0.0
181,-61.15194171667099,0.3025320768356323,10.58,99.0,67.5,0.0
182,-66.61671328544617,1.6017009019851685,15.15,99.6,67.5,0.0
183,-67.980584025383,0.877516508102417,10.05,96.5,67.5,0.0
184,-66.17833071947098,1.4521888494491577,10.25,95.4,67.5,0.0
185,-60.61698001623154,1.115735650062561,15.1,99.6,67.5,0.0
186,-67.96742343902588,0.7639304399490356,13.46,96.2,67.5,0.0
187,-61.15194171667099,0.2262251377105713,11.03,97.5,67.7,0.0
188,-68.1510294675827,0.9004128575325012,9.31,98.3,67.4,0.0
189,-68.510975420475,0.564676821231842,14.16,99.3,67.6,0.0
190,-71.85661280155182,0.4148847162723541,15.78,98.4,67.6,0.0
191,-63.439689457416534,0.4336414933204651,12.23,98.4,67.6,0.0
192,-72.42398571968079,1.3302111625671387,12.07,98.3,67.4,0.0
193,-70.97346603870392,0.24365240335464478,14.7,97.7,67.7,0.0
194,-65.69648468494415,1.6732728481292725,15.4,98.2,67.6,0.0
195,-64.25701308250427,0.41993892192840576,11.08,96.8,67.7,0.0
196,-70.56044352054596,1.7263747453689575,15.19,99.1,67.6,0.0
197,-68.0454512834549,0.2024517059326172,15.19,98.9,67.5,0.0
198,-61.82566684484482,1.6636404991149902,15.73,99.3,67.8,0.0
199,-63.294546484947205,0.48057523369789124,14.29,98.4,67.7,0.0
200,-66.72639608383179,1.3073344230651855,15.38,97.6,67.7,0.0
201,-64.2440505027771,0.32607510685920715,12.22,97.3,67.7,0.0
202,-70.25410449504852,0.3842625319957733,14.44,99.2,67.8,0.0
203,-65.5146381855011,0.20293863117694855,16.0,97.5,67.9,0.0
204,-67.8233335018158,1.110022783279419,14.67,97.0,67.8,0.0
205,-62.96072697639465,0.1814536154270172,10.34,98.7,67.9,0.0
206,-71.89565479755402,0.4145733416080475,14.35,97.1,67.8,0.0
207,-61.12101146578789,1.602784514427185,14.29,96.2,67.9,0.0
208,-71.65871465206146,0.36568883061408997,15.13,98.7,68.0,0.0
209,-66.58520710468292,0.16607120633125305,14.16,98.8,68.0,0.0
210,-68.24595642089844,0.22533562779426575,15.13,96.8,67.9,0.0
211,-72.50066769123077,0.48301371932029724,15.61,99.1,68.0,0.0
212,-65.04543858766556,0.21406424045562744,14.73,98.9,68.0,0.0
213,-74.82815307378769,2.0704684257507324,15.66,99.5,68.0,0.0
214,-63.45808708667755,0.18340325355529785,12.91,99.5,68.3,0.0
215,-64.0879687666893,0.2711259126663208,15.06,99.9,69.0,0.0
216,-65.50602716207504,0.05845957249403,16.07,99.8,63.0,0.0
217,-63.8310906291008,0.6183860898017883,15.01,98.7,63.3,0.0
218,-70.59233731031418,1.188638687133789,15.43,99.7,63.8,0.0
219,-65.28470611572266,0.8180262446403503,11.54,96.9,63.3,0.0
220,-68.15882903337479,0.7592648267745972,13.58,99.4,63.4,0.0
221,-60.61698001623154,0.19446317851543427,16.89,99.0,63.9,0.0
222,-61.16551053524017,0.13940802216529846,18.74,100.0,63.9,0.0
223,-67.25373351573944,0.2117207646369934,15.83,99.0,64.5,0.0
224,-71.66618531942368,0.12063559889793396,10.09,98.4,64.4,0.0
225,-66.24749764800072,0.26505035161972046,15.03,97.4,64.5,0.0
226,-70.809126496315,0.21717217564582825,14.38,97.6,64.5,0.0
227,-64.12894463539124,0.34098124504089355,14.42,97.0,64.5,0.0
228,-64.65294992923737,0.20853948593139648,10.18,95.5,64.6,0.0
229,-65.2939383983612,0.5511555075645447,12.58,97.4,64.5,0.0
230,-63.76921099424362,0.30321770906448364,12.07,96.0,64.6,0.0
231,-67.67506247758865,0.30724915862083435,11.11,96.8,64.6,0.0
232,-67.40049833059311,0.5300350189208984,13.44,97.6,64.6,0.0
233,-69.65288603305817,0.6699076294898987,14.71,96.3,64.6,0.0
234,-66.57115662097931,0.2875787317752838,10.14,93.4,64.7,0.0
235,-66.07338505983353,0.5179935097694397,6.66,81.2,64.7,0.0
236,-70.56044352054596,0.4161752760410309,5.86,65.3,64.7,0.0
237,-63.44993343949318,2.727839708328247,1097.71,38.9,65.9,0.0
238,-63.931782841682434,0.9632786512374878,13.97,97.5,65.8,0.0
239,-62.163964331150055,0.6523588299751282,10.42,92.5,65.9,0.0
240,-67.20845222473145,1.8139936923980713,10.48,97.2,65.9,0.0
241,-60.08313739299774,0.29398196935653687,13.46,97.1,65.8,0.0
242,-63.412889540195465,0.194528266787529,13.66,94.6,65.9,0.0
243,-69.65288603305817,0.7579981088638306,13.92,97.4,65.9,0.0
244,-67.73810452222824,0.49024075269699097,12.29,97.0,65.9,0.0
245,-61.630089074373245,0.2916404902935028,13.39,98.6,65.9,0.0
246,-61.16551053524017,0.07402784377336502,9.99,94.8,65.9,0.0
247,-74.23846065998077,0.9082396626472473,9.83,95.1,65.9,0.0
248,-63.00624722242355,1.3247748613357544,14.63,97.2,65.9,0.0
249,-68.64715158939362,0.417999267578125,12.1,97.2,65.9,0.0
250,-61.074815452098846,0.1552247405052185,9.42,96.5,65.9,0.0
251,-63.455278277397156,0.16122937202453613,12.6,96.2,66.0,0.0
252,-61.16551053524017,0.050637707114219666,9.3,92.8,66.0,0.0
253,-69.6622856259346,1.7655659914016724,10.45,95.3,66.0,0.0
254,-64.59612500667572,0.24620157480239868,10.69,99.1,66.0,0.0
255,-62.997514486312866,0.17059104144573212,11.09,96.3,66.0,0.0
256,-63.455278277397156,0.4829281270503998,11.25,97.1,66.1,0.0
257,-63.20889103412628,0.06934390217065811,12.82,96.0,66.1,0.0
258,-60.35794526338577,0.9666330814361572,12.67,97.8,66.1,0.0
259,-61.82566684484482,0.17510086297988892,10.51,96.3,66.1,0.0
260,-63.525683999061584,0.2726173996925354,10.99,98.8,66.2,0.0
261,-68.86970490217209,0.7264346480369568,9.16,95.4,66.1,0.0
262,-65.36326277256012,1.3201754093170166,13.38,96.2,66.2,0.0
263,-61.70863997936249,0.28058210015296936,10.73,92.9,66.2,0.0
264,-64.42023140192032,1.0015068054199219,10.86,96.8,66.2,0.0
265,-59.67554599046707,0.23558038473129272,13.01,97.8,66.3,0.0
266,-65.07850700616837,0.1322702169418335,13.58,95.6,66.3,0.0
267,-63.439689457416534,0.31889602541923523,13.5,95.9,66.2,0.0
268,-61.47045284509659,0.24752777814865112,10.25,96.6,66.3,0.0
269,-65.73270934820175,0.6869798302650452,14.77,98.9,66.3,0.0
270,-70.56044352054596,1.0280444622039795,14.03,98.2,66.3,0.0
271,-66.89652073383331,1.7006497383117676,12.87,97.4,66.3,0.0
272,-64.1914678812027,0.29694610834121704,11.59,93.7,66.3,0.0
273,-65.34235942363739,1.0241317749023438,12.32,96.1,66.3,0.0
274,-63.72544568777084,0.2450738251209259,13.52,97.4,66.4,0.0
275,-66.24749764800072,0.3277943730354309,10.52,97.3,66.3,0.0
276,-64.98476302623749,0.46057000756263733,10.34,95.4,66.4,0.0
277,-68.95404136180878,1.2046204805374146,13.64,98.3,66.3,0.0
278,-61.15194171667099,0.1001635491847992,13.48,97.8,66.3,0.0
279,-62.67356336116791,0.09722351282835007,10.47,93.7,66.3,0.0
280,-60.08313739299774,0.22847199440002441,10.17,97.0,66.4,0.0
281,-64.0879687666893,0.21011203527450562,14.13,97.1,66.4,0.0
282,-64.71567529439926,0.4560389816761017,10.18,94.3,66.4,0.0
283,-64.97642278671265,0.41816553473472595,10.32,96.4,66.4,0.0
284,-64.42023140192032,0.09106362611055374,10.6,94.9,66.5,0.0
285,-62.473056972026825,0.12741617858409882,9.32,96.1,66.5,0.0
286,-61.850770473480225,0.06552302837371826,10.84,98.5,66.5,0.0
287,-63.469994723796844,0.3342136740684509,12.04,95.7,66.5,0.0
288,-64.03447192907333,0.06730597466230392,14.15,95.8,66.6,0.0
289,-60.35794526338577,0.10479870438575745,12.16,96.1,66.6,0.0
290,-68.86970490217209,0.8498062491416931,10.61,98.2,66.6,0.0
291,-63.439689457416534,1.1935770511627197,15.3,96.9,66.6,0.0
292,-61.82566684484482,0.20279352366924286,12.91,94.4,66.6,0.0
293,-67.980584025383,1.3349151611328125,10.28,94.6,66.6,0.0
294,-60.08313739299774,0.17416620254516602,11.74,95.3,66.6,0.0
295,-65.93713635206223,0.4416545629501343,9.15,95.3,66.7,0.0
296,-68.86970490217209,0.45420536398887634,10.07,96.3,66.7,0.0
297,-61.70863997936249,0.2853686511516571,13.08,97.2,66.7,0.0
298,-60.08313739299774,0.771759033203125,13.59,96.5,66.7,0.0
299,-65.73270934820175,1.1037099361419678,13.78,95.3,66.7,0.0
300,-68.86970490217209,0.45899540185928345,14.38,97.5,66.8,0.0
301,-65.93713635206223,1.8514984846115112,12.64,93.9,66.8,0.0
302,-66.28021159768105,0.662280261516571,8.73,94.6,66.8,0.0
303,-61.82566684484482,0.5240662097930908,12.56,97.4,66.8,0.0
304,-65.73270934820175,0.9408783316612244,12.65,98.2,66.8,0.0
305,-63.55631583929062,0.31332212686538696,10.22,93.2,66.8,0.0
306,-66.72698539495468,0.20177137851715088,9.9,95.5,66.8,0.0
307,-62.582216680049896,0.058932866901159286,12.87,94.8,66.9,0.0
308,-70.56044352054596,0.7435599565505981,13.65,97.9,66.8,0.0
309,-60.08313739299774,2.2078652381896973,11.95,95.2,66.9,0.0
310,-63.452877044677734,0.19382146000862122,13.33,96.1,66.9,0.0
311,-61.70863997936249,0.5485531687736511,13.2,95.8,66.9,0.0
312,-67.74674546718597,0.34552106261253357,11.52,96.7,66.9,0.0
313,-63.90899759531021,0.8630415201187134,9.53,94.8,66.9,0.0
314,-64.58090627193451,0.1829826384782791,10.17,96.7,66.9,0.0
315,-64.97642278671265,0.3960234522819519,14.95,95.2,67.0,0.0
316,-66.24749764800072,0.5042996406555176,9.72,94.5,67.0,0.0
317,-61.47045284509659,1.0196168422698975,11.05,97.7,67.0,0.0
318,-61.70863997936249,0.22951896488666534,9.76,95.3,67.0,0.0
319,-64.03447192907333,0.3850548267364502,13.11,93.3,67.1,0.0
320,-63.20889103412628,0.15086044371128082,12.78,95.2,67.1,0.0
321,-66.72698539495468,0.08388877660036087,8.23,94.4,67.1,0.0
322,-61.70863997936249,0.20764431357383728,13.85,95.5,67.1,0.0
323,-63.294546484947205,0.1642599254846573,14.01,96.8,67.1,0.0
324,-65.9048558473587,0.26766178011894226,10.78,95.3,67.1,0.0
325,-62.84129124879837,0.4177507162094116,13.6,97.5,67.2,0.0
326,-67.20845222473145,0.5132175087928772,14.55,96.8,67.2,0.0
327,-65.49444824457169,0.4147920310497284,12.69,93.7,67.2,0.0
328,-62.473056972026825,0.33717241883277893,10.21,95.8,67.2,0.0
329,-66.72698539495468,0.4614379107952118,11.49,97.3,67.2,0.0
330,-62.546748995780945,0.4769740700721741,11.21,95.1,67.2,0.0
331,-65.73270934820175,0.26652824878692627,10.62,95.6,67.2,0.0
332,-64.97642278671265,0.15117484331130981,12.26,96.0,67.3,0.0
333,-64.97642278671265,0.08968763053417206,8.82,94.4,67.2,0.0
334,-62.582216680049896,0.25051799416542053,14.96,98.9,67.3,0.0
335,-61.808643996715546,0.16976095736026764,11.47,95.0,67.3,0.0
336,-65.49444824457169,0.6227339506149292,13.61,98.5,67.3,0.0
337,-65.73270934820175,0.3772584795951843,11.73,94.5,67.4,0.0
338,-60.08313739299774,0.19425256550312042,7.58,95.2,67.4,0.0
339,-62.90081453323364,0.1418820470571518,13.26,96.4,67.4,0.0
340,-66.24749764800072,0.8151882290840149,11.79,95.9,67.4,0.0
341,-66.24749764800072,0.20229388773441315,8.78,90.9,67.4,0.0
342,-61.500551879405975,0.44703352451324463,10.11,94.9,67.4,0.0
343,-62.582216680049896,0.7474982142448425,6.18,74.6,67.4,0.0
344,-61.47045284509659,0.4176666736602783,2104.9,36.8,69.2,0.0
345,-60.35794526338577,0.4485424757003784,10.9,94.3,69.2,0.0
346,-72.42398571968079,1.3822048902511597,11.37,97.3,69.3,0.0
347,-67.39623540639877,0.12355359643697739,10.67,97.3,69.4,0.0
348,-60.35794526338577,0.8104269504547119,13.37,96.2,69.4,0.0
349,-64.03181844949722,0.27547720074653625,13.67,94.0,69.4,0.0
350,-68.16824120283127,0.09556984901428223,13.71,96.3,69.4,0.0
351,-66.24749764800072,0.33586585521698,13.63,95.2,69.3,0.0
352,-62.582216680049896,0.17179672420024872,11.09,97.0,69.4,0.0
353,-64.03447192907333,0.29557937383651733,11.45,97.2,69.4,0.0
354,-65.69648468494415,0.33748114109039307,14.36,98.3,69.5,0.0
355,-67.19844454526901,0.14311598241329193,12.89,97.8,69.4,0.0
356,-65.73270934820175,0.7401382923126221,10.76,93.7,69.5,0.0
357,-60.08313739299774,0.059961311519145966,10.55,94.4,69.5,0.0
358,-64.03447192907333,0.27661100029945374,10.71,98.0,69.5,0.0
359,-63.439689457416534,0.11364839971065521,8.58,91.6,69.5,0.0
360,-64.97642278671265,0.18063709139823914,10.76,96.1,69.5,0.0
361,-66.24749764800072,0.15298351645469666,10.04,93.4,69.5,0.0
362,-66.24749764800072,0.09099816530942917,14.75,98.5,69.5,0.0
363,-60.08313739299774,0.29025739431381226,13.43,96.2,69.5,0.0
364,-59.67554599046707,0.5284813642501831,9.29,94.8,69.5,0.0
365,-65.49444824457169,0.6236035823822021,10.03,97.0,69.6,0.0
366,-64.97642278671265,0.49147701263427734,10.19,96.0,69.6,0.0
367,-63.439689457416534,0.2016565054655075,10.37,96.1,69.6,0.0
368,-61.70863997936249,0.5080692768096924,13.3,97.6,69.6,0.0
369,-62.41388821601868,0.22009813785552979,12.51,98.0,57.2,0.0
370,-60.08313739299774,0.41009074449539185,12.08,97.6,57.2,0.0
371,-60.35794526338577,0.11490117013454437,14.77,98.8,57.2,0.0
372,-66.8834440112114,0.6779915690422058,12.58,94.5,57.2,0.0
373,-60.35794526338577,0.6188280582427979,13.54,96.3,57.3,0.0
374,-66.8834440112114,0.22590170800685883,9.96,96.5,57.3,0.0
375,-64.97642278671265,0.3772357702255249,9.62,94.1,57.3,0.0
376,-69.6622856259346,0.3096543252468109,13.71,95.4,57.3,0.0
377,-62.582216680049896,0.7126349806785583,14.15,95.3,57.4,0.0
378,-60.08313739299774,0.1726304292678833,11.07,98.0,57.4,0.0
379,-60.35794526338577,0.5210594534873962,10.05,93.6,57.5,0.0
380,-62.582216680049896,0.24740386009216309,12.49,96.3,57.5,0.0
381,-62.67356336116791,0.46167027950286865,12.21,94.0,57.5,0.0
382,-60.35794526338577,0.25078701972961426,11.64,93.1,57.5,0.0
383,-63.439689457416534,0.4849233627319336,13.12,97.7,57.6,0.0
384,-63.90899759531021,0.3703896701335907,11.43,96.7,57.5,0.0
385,-66.24749764800072,0.1891179233789444,12.78,96.6,57.6,0.0
386,-64.97642278671265,0.21186797320842743,13.24,96.6,57.6,0.0
387,-60.35794526338577,0.07977098226547241,13.59,97.2,57.6,0.0
388,-61.12101146578789,0.14027820527553558,8.16,93.3,57.6,0.0
389,-60.61698001623154,0.08588137477636337,10.73,98.4,57.6,0.0
390,-60.08313739299774,0.01849588006734848,11.8,94.5,57.6,0.0
391,-60.08313739299774,0.022985048592090607,9.61,92.6,57.6,0.0
392,-63.439689457416534,0.06687336415052414,13.0,98.4,57.7,0.0
393,-60.08313739299774,0.6949836015701294,11.97,96.0,57.6,0.0
394,-71.31541639566422,0.4473976492881775,14.66,97.4,57.6,0.0
395,-60.08313739299774,1.2103303670883179,13.66,98.0,57.6,0.0
396,-60.35794526338577,0.026627352461218834,13.81,95.6,57.6,0.0
397,-65.23556005954742,1.0726555585861206,11.82,97.0,57.6,0.0
398,-60.08313739299774,0.36521637439727783,11.23,96.2,57.7,0.0
399,-62.582216680049896,0.0688759982585907,10.32,95.6,57.6,0.0
400,-63.260901153087616,0.06357128173112869,10.2,95.8,57.6,0.0
401,-62.582216680049896,0.022975362837314606,9.21,94.9,57.6,0.0
402,-61.70863997936249,0.042229533195495605,10.07,97.8,57.7,0.0
403,-63.439689457416534,0.12594537436962128,12.3,97.8,57.7,0.0
404,-63.439689457416534,0.02523908205330372,13.31,95.0,57.7,0.0
405,-65.23556005954742,0.3411343991756439,12.88,95.9,57.7,0.0
406,-63.439689457416534,0.14637984335422516,12.69,95.2,57.7,0.0
407,-61.70863997936249,0.0843447670340538,11.94,96.0,57.7,0.0
408,-67.45578384399414,0.4533449411392212,9.12,94.8,57.7,0.0
409,-63.439689457416534,0.15834030508995056,18.05,99.6,58.9,0.0
410,-63.90899759531021,0.4989023804664612,16.35,98.0,58.8,0.0
411,-62.582216680049896,0.0514654666185379,16.6,99.2,57.5,0.0
412,-60.35794526338577,1.1108100414276123,13.9,96.8,57.5,0.0
413,-60.35794526338577,0.10281208902597427,11.21,97.4,57.5,0.0
414,-60.08313739299774,0.47153717279434204,13.72,98.3,57.5,0.0
415,-61.630089074373245,0.08751524984836578,13.02,94.4,57.5,0.0
416,-64.97642278671265,0.280771404504776,9.38,96.9,57.5,0.0
417,-60.08313739299774,0.07716652005910873,12.82,97.0,57.6,0.0
418,-62.582216680049896,0.6302415728569031,11.88,93.3,57.6,0.0
419,-62.582216680049896,0.18545790016651154,10.23,94.5,57.6,0.0
420,-66.24749764800072,0.1176554262638092,14.27,95.6,57.6,0.0
421,-60.08313739299774,0.12211247533559799,11.12,95.6,57.7,0.0
422,-64.97642278671265,0.9812213182449341,9.56,93.8,57.7,0.0
423,-60.35794526338577,0.1728391945362091,13.44,97.5,57.7,0.0
424,-61.70863997936249,0.10925949364900589,13.99,96.2,57.7,0.0
425,-63.439689457416534,0.09298117458820343,13.84,96.0,57.8,0.0
426,-66.24749764800072,0.24094904959201813,13.64,95.7,57.8,0.0
427,-60.08313739299774,0.35361018776893616,14.37,97.6,57.8,0.0
428,-64.97642278671265,0.5266807675361633,9.73,92.3,57.8,0.0
429,-66.24749764800072,0.12552882730960846,11.3,97.8,57.8,0.0
430,-61.82566684484482,0.9795413613319397,12.86,97.9,57.8,0.0
431,-66.24749764800072,0.1611228734254837,10.68,96.5,57.8,0.0
432,-60.08313739299774,0.07150272279977798,10.95,95.8,57.8,0.0
433,-60.35794526338577,0.2329026609659195,10.08,97.1,57.8,0.0
434,-63.397277384996414,0.46086928248405457,12.55,94.7,57.9,0.0
435,-61.630089074373245,0.24612490832805634,10.85,93.2,57.9,0.0
436,-61.82566684484482,0.18091176450252533,9.05,94.3,57.9,0.0
437,-68.86970490217209,0.8762882351875305,13.99,97.0,57.9,0.0
438,-64.97642278671265,0.41592395305633545,10.32,96.0,57.9,0.0
439,-66.24749764800072,0.12018190324306488,12.02,96.7,57.9,0.0
440,-60.35794526338577,0.6835666298866272,12.31,95.7,58.0,0.0
441,-60.35794526338577,0.31330588459968567,13.21,98.4,58.0,0.0
442,-60.08313739299774,0.2149779498577118,11.76,97.1,58.0,0.0
443,-61.019568264484406,0.27053603529930115,8.64,93.5,58.0,0.0
444,-60.08313739299774,0.18001312017440796,8.81,94.2,58.0,0.0
445,-68.9998220205307,1.037993311882019,9.94,96.2,58.0,0.0
446,-68.75027304887772,0.7818883061408997,9.74,95.4,58.0,0.0
447,-64.97642278671265,1.5007141828536987,10.66,95.9,58.0,0.0
448,-68.46107572317123,0.4450635313987732,10.13,94.4,58.1,0.0
449,-64.97642278671265,0.23447632789611816,11.76,98.5,58.1,0.0
450,-64.97642278671265,0.15808452665805817,16.06,98.4,58.1,0.0
451,-66.24749764800072,0.08552225679159164,12.4,95.9,58.1,0.0
452,-60.08313739299774,0.04447565972805023,10.68,93.0,58.1,0.0
453,-70.19861054420471,1.5475091934204102,11.76,97.9,58.1,0.0
454,-66.24749764800072,0.1904631406068802,12.76,96.8,58.1,0.0
455,-67.41490763425827,0.5754896998405457,13.31,95.0,58.1,0.0
456,-61.82566684484482,0.267365038394928,12.0,94.8,58.2,0.0
457,-61.82566684484482,0.5322040319442749,14.52,96.7,58.2,0.0
458,-71.2017235159874,1.1293967962265015,13.52,96.7,58.2,0.0
459,-68.03262490034103,0.9480066895484924,13.96,96.1,58.2,0.0
460,-64.71567529439926,1.1477817296981812,13.45,95.9,58.2,0.0
461,-63.469994723796844,0.5729796290397644,14.23,96.3,58.1,0.0
462,-70.19861054420471,1.6382381916046143,15.26,97.9,59.0,0.0
463,-64.71567529439926,0.38703978061676025,14.01,99.7,59.4,0.0
464,-63.58006012439728,0.2939997613430023,12.74,99.4,59.5,0.0
465,-64.71567529439926,0.269545316696167,9.76,97.3,59.4,0.0
466,-64.97642278671265,0.2018154263496399,13.24,97.4,59.4,0.0
467,-63.469994723796844,0.2864325940608978,15.49,98.3,60.2,0.0
468,-64.71567529439926,0.3214235305786133,16.92,99.6,60.4,0.0
469,-66.24749764800072,0.31635016202926636,15.53,99.7,60.7,0.0
470,-61.019568264484406,1.850614070892334,14.16,98.8,61.5,0.0
471,-70.3546571135521,0.4383889138698578,13.1,95.8,61.3,0.0
472,-62.582216680049896,0.1908753365278244,13.78,96.2,61.3,0.0
473,-60.35794526338577,0.04468965902924538,14.78,99.0,60.3,0.0
474,-66.24749764800072,0.22617970407009125,12.99,95.3,60.3,0.0
475,-60.08313739299774,1.4610040187835693,13.49,96.0,60.3,0.0
476,-60.08313739299774,0.08734831213951111,14.55,97.1,60.2,0.0
477,-62.582216680049896,0.9472423195838928,14.02,94.4,60.9,0.0
478,-62.582216680049896,0.14671379327774048,14.4,96.5,61.4,0.0
479,-62.582216680049896,0.2802915871143341,14.41,99.2,61.3,0.0
480,-60.08313739299774,0.045629870146512985,11.91,96.5,61.3,0.0
481,-62.582216680049896,0.2509556710720062,10.93,97.1,61.3,0.0
482,-60.35794526338577,0.020701218396425247,14.17,98.8,61.3,0.0
483,-70.19861054420471,1.3067289590835571,11.07,97.8,61.3,0.0
484,-62.582216680049896,0.14710362255573273,11.03,96.6,61.3,0.0
485,-65.23556005954742,0.19294658303260803,14.53,98.3,61.3,0.0
486,-66.24749764800072,0.029613666236400604,11.59,95.2,61.3,0.0
487,-60.35794526338577,0.25345557928085327,15.13,98.5,61.3,0.0
488,-60.08313739299774,0.28634971380233765,12.66,99.0,61.5,0.0
489,-60.08313739299774,0.3101043701171875,13.72,96.8,61.5,0.0
490,-60.35794526338577,0.30620142817497253,13.48,96.0,61.5,0.0
491,-67.980584025383,0.48615965247154236,15.23,97.0,61.5,0.0
492,-61.82566684484482,0.49927181005477905,12.64,97.0,61.5,0.0
493,-60.08313739299774,0.11151495575904846,13.67,97.4,61.6,0.0
494,-61.82566684484482,0.30803096294403076,12.78,97.8,61.6,0.0
495,-66.24749764800072,0.13502493500709534,10.29,96.1,61.6,0.0
496,-65.73270934820175,0.7407674789428711,13.55,97.1,61.6,0.0
497,-60.35794526338577,0.22081124782562256,10.9,97.1,61.7,0.0
498,-66.24749764800072,1.211476445198059,14.1,98.5,61.7,0.0
499,-66.24749764800072,0.29773855209350586,11.68,97.3,61.7,0.0
500,-61.82566684484482,0.7152698040008545,14.17,97.4,61.7,0.0
501,-60.35794526338577,0.09513519704341888,12.71,95.3,61.8,0.0
502,-68.86970490217209,1.8649758100509644,12.09,93.8,61.7,0.0
503,-64.97642278671265,0.2757068872451782,9.16,94.7,61.8,0.0
504,-64.97642278671265,0.840763509273529,14.84,97.4,61.8,0.0
505,-60.35794526338577,1.0646978616714478,14.42,97.3,61.8,0.0
506,-60.08313739299774,0.19897998869419098,13.08,96.3,61.9,0.0
507,-60.08313739299774,0.712824821472168,12.53,96.9,61.9,0.0
508,-62.582216680049896,0.17486532032489777,13.55,96.7,61.9,0.0
509,-60.35794526338577,0.9485843181610107,12.1,97.2,61.9,0.0
510,-61.82566684484482,0.07277742773294449,12.25,96.0,61.9,0.0
511,-60.08313739299774,0.21398377418518066,9.43,96.2,61.9,0.0
512,-66.24749764800072,0.18557575345039368,9.61,94.5,61.9,0.0
513,-61.82566684484482,1.2314199209213257,14.21,98.1,61.9,0.0
514,-64.97642278671265,0.13846732676029205,14.16,95.7,62.0,0.0
515,-61.82566684484482,0.5665379762649536,12.31,98.3,62.0,0.0
516,-66.24749764800072,0.7997294068336487,9.46,93.0,62.0,0.0
517,-68.86970490217209,0.4687306582927704,9.28,94.6,62.4,0.0
518,-65.73270934820175,1.5194212198257446,15.82,97.8,62.3,0.0
519,-61.82566684484482,0.9614128470420837,16.22,98.7,63.6,0.0
520,-68.86970490217209,0.5585772395133972,15.44,96.8,62.6,0.0
521,-68.86970490217209,0.18597382307052612,13.16,99.6,63.5,0.0
522,-61.82566684484482,1.0503631830215454,11.41,99.0,64.0,0.0
523,-66.24749764800072,0.38219189643859863,12.83,99.6,63.5,0.0
524,-66.24749764800072,0.24355483055114746,15.95,96.1,63.6,0.0
525,-64.97642278671265,0.29984450340270996,15.27,99.0,64.2,0.0
526,-60.35794526338577,0.14851965010166168,15.54,99.9,64.1,0.0
527,-66.24749764800072,1.113054871559143,12.56,98.0,64.0,0.0
528,-64.97642278671265,0.08783689886331558,14.94,96.7,63.8,0.0
529,-61.82566684484482,1.0598292350769043,15.6,97.9,64.2,0.0
530,-61.82566684484482,0.1507769227027893,10.1,96.9,64.3,0.0
531,-64.97642278671265,0.6656354069709778,10.81,97.6,64.3,0.0
532,-64.97642278671265,0.047516170889139175,10.9,98.8,64.4,0.0
533,-61.82566684484482,0.5561184883117676,11.87,96.6,64.4,0.0
534,-65.73270934820175,0.1439926028251648,12.59,97.3,64.3,0.0
535,-65.73270934820175,0.08324266970157623,11.68,97.2,64.3,0.0
536,-65.49444824457169,0.10386863350868225,13.17,98.1,64.3,0.0
537,-68.86970490217209,0.15588563680648804,14.01,96.2,64.3,0.0
538,-68.86970490217209,0.11581174284219742,9.09,90.7,64.3,0.0
539,-65.73270934820175,0.05163966119289398,12.39,98.8,64.3,0.0
540,-61.82566684484482,0.3420872092247009,13.98,98.0,64.4,0.0
541,-61.82566684484482,0.3261551558971405,12.53,96.6,64.4,0.0
542,-65.73270934820175,0.07678268849849701,13.68,98.6,64.5,0.0
543,-68.86970490217209,0.11722283810377121,13.27,96.4,64.5,0.0
544,-64.97642278671265,0.2044118046760559,10.69,95.2,64.5,0.0
545,-64.97642278671265,0.07776559889316559,10.52,98.7,64.5,0.0
546,-64.97642278671265,0.1333276927471161,13.55,93.6,64.6,0.0
547,-61.82566684484482,0.21569932997226715,8.48,96.2,64.5,0.0
548,-66.24749764800072,0.3869616389274597,12.77,98.1,64.6,0.0
549,-66.24749764800072,0.2658228576183319,13.48,97.5,64.6,0.0
550,-64.97642278671265,0.03442821651697159,10.66,98.0,64.6,0.0
551,-61.82566684484482,0.568833589553833,12.62,98.3,64.6,0.0
552,-61.82566684484482,0.10957957804203033,10.43,98.1,64.7,0.0
553,-68.86970490217209,0.4811288118362427,9.92,94.1,64.7,0.0
554,-68.86970490217209,0.5775460004806519,11.01,96.2,64.7,0.0
555,-65.73270934820175,0.25705280900001526,13.77,95.6,64.7,0.0
556,-68.86970490217209,0.7304323315620422,12.51,95.3,64.7,0.0
557,-68.86970490217209,0.23551194369792938,10.25,95.7,64.7,0.0
558,-68.86970490217209,0.5554875731468201,11.53,95.8,64.7,0.0
559,-65.73270934820175,0.0796542689204216,11.71,98.9,64.7,0.0
560,-65.49444824457169,0.21454066038131714,14.99,99.0,64.7,0.0
561,-65.93713635206223,0.22724419832229614,14.46,95.5,64.7,0.0
562,-65.73270934820175,0.06395576894283295,10.41,94.7,64.8,0.0
563,-64.97642278671265,0.11452335864305496,12.91,98.9,64.8,0.0
564,-61.82566684484482,0.17790348827838898,11.67,97.1,64.8,0.0
565,-64.97642278671265,0.09195291996002197,16.01,97.7,64.8,0.0
566,-65.73270934820175,0.2203681617975235,13.87,95.5,64.9,0.0
567,-61.82566684484482,0.16300880908966064,10.04,95.9,64.9,0.0
568,-61.82566684484482,0.04049505293369293,11.59,97.6,64.9,0.0
569,-68.86970490217209,0.5287784337997437,11.05,97.4,64.9,0.0
570,-61.82566684484482,1.4661167860031128,12.06,96.2,65.0,0.0
571,-61.82566684484482,0.045752957463264465,11.39,96.9,65.0,0.0
572,-68.86970490217209,2.070590019226074,13.21,97.9,65.0,0.0
573,-64.97642278671265,0.6031467318534851,10.53,97.3,65.0,0.0
574,-68.86970490217209,0.6122791171073914,13.83,97.3,65.0,0.0
575,-61.82566684484482,1.7052518129348755,9.63,96.8,65.0,0.0
576,-61.82566684484482,0.10968199372291565,11.14,97.9,65.1,0.0
577,-61.82566684484482,0.45083972811698914,10.32,94.6,65.1,0.0
578,-64.97642278671265,0.19697920978069305,12.01,95.9,65.1,0.0
579,-64.71567529439926,0.7665119767189026,14.87,95.5,65.0,0.0
580,-60.35794526338577,0.08234205096960068,13.39,94.7,65.0,0.0
581,-64.97642278671265,1.1418825387954712,13.74,96.8,65.0,0.0
582,-64.97642278671265,0.2587154805660248,9.99,97.4,65.1,0.0
583,-68.86970490217209,0.7857964038848877,10.34,97.9,65.0,0.0
584,-68.86970490217209,1.10137939453125,11.33,97.2,65.0,0.0
585,-68.86970490217209,0.14206814765930176,13.11,95.6,65.0,0.0
586,-65.73270934820175,0.08998221904039383,12.1,94.9,65.0,0.0
587,-65.73270934820175,0.13696545362472534,12.47,96.3,65.0,0.0
588,-68.86970490217209,0.06161913648247719,9.78,94.0,65.0,0.0
589,-61.82566684484482,0.28735029697418213,9.15,96.8,65.0,0.0
590,-61.82566684484482,0.3936384618282318,12.29,96.2,65.1,0.0
591,-68.86970490217209,0.1380428820848465,11.38,96.0,65.1,0.0
592,-61.82566684484482,1.3083701133728027,13.08,97.0,65.1,0.0
593,-64.97642278671265,0.08962242305278778,10.96,96.7,65.1,0.0
594,-61.82566684484482,0.11786356568336487,10.99,94.6,65.1,0.0
595,-61.82566684484482,0.06921876221895218,11.68,95.4,65.2,0.0
596,-66.24749764800072,0.11583173274993896,14.43,98.0,65.2,0.0
597,-64.97642278671265,0.5178020000457764,12.81,96.4,65.2,0.0
598,-66.24749764800072,0.19326607882976532,11.29,94.7,65.3,0.0
599,-66.24749764800072,0.08596021682024002,12.15,99.1,65.3,0.0
600,-66.24749764800072,0.051974572241306305,12.83,98.0,65.3,0.0
601,-66.24749764800072,0.031981512904167175,10.13,98.4,65.3,0.0
602,-64.97642278671265,0.11853011697530746,14.41,95.5,65.7,0.0
603,-60.35794526338577,0.15645760297775269,13.89,96.4,65.7,0.0
604,-66.24749764800072,0.46492040157318115,9.49,95.0,65.5,0.0
605,-60.35794526338577,0.22361227869987488,10.37,96.8,65.8,0.0
606,-60.35794526338577,0.1566356122493744,10.18,96.8,65.8,0.0
607,-64.97642278671265,0.08168017864227295,12.92,96.8,65.8,0.0
608,-60.08313739299774,0.5382637977600098,13.48,98.4,65.8,0.0
609,-62.582216680049896,0.42778798937797546,14.01,96.6,65.8,0.0
610,-60.08313739299774,0.053022291511297226,11.12,95.0,65.9,0.0
611,-60.08313739299774,0.14357644319534302,12.65,97.4,65.9,0.0
612,-60.08313739299774,0.06719329953193665,13.45,97.4,65.9,0.0
613,-60.35794526338577,0.07324576377868652,10.71,98.4,66.0,0.0
614,-60.35794526338577,0.06339488923549652,10.87,97.1,65.9,0.0
615,-60.35794526338577,0.04311869293451309,11.08,99.2,65.9,0.0
616,-60.35794526338577,0.08684199303388596,15.98,98.0,65.9,0.0
617,-60.08313739299774,0.04122172296047211,13.85,96.0,65.9,0.0
618,-66.24749764800072,0.09793516993522644,12.73,95.3,65.9,0.0
619,-61.82566684484482,0.46375077962875366,12.92,95.5,65.9,0.0
620,-68.86970490217209,0.3028582036495209,14.62,96.6,65.9,0.0
621,-61.82566684484482,0.40690577030181885,11.37,95.1,65.9,0.0
622,-61.82566684484482,0.25354430079460144,13.4,93.9,66.0,0.0
623,-64.97642278671265,0.3530334532260895,13.86,94.6,66.0,0.0
624,-61.82566684484482,0.2361123263835907,13.44,98.5,66.0,0.0
625,-65.73270934820175,0.14234130084514618,13.82,94.9,66.0,0.0
626,-65.49444824457169,0.0346766859292984,13.96,97.4,66.0,0.0
627,-68.86970490217209,0.11362263560295105,12.15,97.5,66.0,0.0
628,-65.49444824457169,0.1848244071006775,9.58,97.6,66.0,0.0
629,-65.49444824457169,0.18854130804538727,10.87,94.8,66.0,0.0
630,-65.49444824457169,0.159344881772995,14.13,98.5,66.0,0.0
631,-65.93713635206223,0.13324856758117676,9.13,94.6,66.1,0.0
632,-68.86970490217209,0.20014198124408722,10.98,99.2,66.1,0.0
633,-68.03262490034103,0.4368939697742462,13.79,96.4,66.0,0.0
634,-68.86970490217209,0.5313838124275208,12.93,95.6,66.1,0.0
635,-68.86970490217209,0.18671797215938568,13.31,99.3,66.1,0.0
636,-61.82566684484482,0.6563714146614075,9.74,96.4,66.2,0.0
637,-61.82566684484482,0.4669767916202545,9.86,96.5,66.1,0.0
638,-61.82566684484482,0.45653125643730164,11.57,95.7,66.2,0.0
639,-61.82566684484482,0.3289474546909332,10.02,95.7,66.2,0.0
640,-64.97642278671265,0.09216511249542236,14.51,96.9,66.6,0.0
641,-66.24749764800072,0.13851918280124664,14.75,97.5,66.7,0.0
642,-66.24749764800072,0.25531822443008423,11.89,98.1,66.7,0.0
643,-66.24749764800072,0.09091859310865402,13.67,97.0,66.8,0.0
644,-60.35794526338577,0.1652039736509323,10.72,97.8,66.7,0.0
645,-66.24749764800072,0.6717343926429749,13.02,99.7,66.7,0.0
646,-66.24749764800072,0.17332440614700317,10.18,95.7,66.8,0.0
647,-66.24749764800072,0.5183048248291016,10.81,99.1,66.7,0.0
648,-60.35794526338577,0.11485794186592102,11.99,98.1,66.8,0.0
649,-60.35794526338577,0.7533726692199707,12.11,95.8,66.8,0.0
650,-60.35794526338577,0.11015918850898743,9.78,93.5,66.8,0.0
651,-66.24749764800072,0.7139448523521423,13.39,95.7,66.9,0.0
652,-66.24749764800072,0.9905402064323425,11.75,97.1,66.9,0.0
653,-60.35794526338577,0.2746308147907257,12.25,98.5,66.8,0.0
654,-60.35794526338577,0.873952329158783,11.01,97.1,66.9,0.0
655,-60.35794526338577,0.6184350848197937,12.35,96.9,66.9,0.0
656,-60.08313739299774,0.24203525483608246,6.87,89.3,63.1,0.0
657,-60.35794526338577,0.20766985416412354,5.39,59.7,57.3,0.0
